{"cameraMode":{"drawMode":0,"name":"Shaded","section":"Shading Mode"},"sceneLighting":true,"audioPlay":false,"sceneViewState":{"showFog":true,"showMaterialUpdate":false,"showSkybox":true,"showFlares":true,"showImageEffects":true,"showParticleSystems":true},"in2DMode":false,"pivot":{"x":-3.8946800231933595,"y":1.3067712783813477,"z":0.06817340850830078},"rotation":{"x":-0.0029295950662344696,"y":0.9749740958213806,"z":-0.22192645072937013,"w":-0.012869562022387982},"size":155.27154541015626,"orthographic":false}