{"cameraMode":{"drawMode":0,"name":"Shaded","section":"Shading Mode"},"sceneLighting":true,"audioPlay":false,"sceneViewState":{"showFog":true,"showMaterialUpdate":false,"showSkybox":true,"showFlares":true,"showImageEffects":true,"showParticleSystems":true},"in2DMode":false,"pivot":{"x":-35.814022064208987,"y":5.841449737548828,"z":2.116990089416504},"rotation":{"x":-0.23259779810905457,"y":-0.6673356890678406,"z":0.23213957250118257,"w":-0.6684747934341431},"size":12.432870864868164,"orthographic":false}