{"cameraMode":{"drawMode":0,"name":"Shaded","section":"Shading Mode"},"sceneLighting":true,"audioPlay":false,"sceneViewState":{"showFog":true,"showMaterialUpdate":false,"showSkybox":true,"showFlares":true,"showImageEffects":true,"showParticleSystems":true},"in2DMode":false,"pivot":{"x":8.29311466217041,"y":10.056797981262207,"z":7.224609375},"rotation":{"x":0.04009653255343437,"y":-0.44073817133903506,"z":-0.0197039432823658,"w":-0.8965417146682739},"size":16.874040603637697,"orthographic":false}